<?xml version="1.0" encoding="UTF-8" ?>
<!DOCTYPE mapper
  PUBLIC "-//mybatis.org//DTD Mapper 3.0//EN"
  "http://mybatis.org/dtd/mybatis-3-mapper.dtd">
<mapper namespace="member.mapper">
  <select id="login" resultType="member.memberVO">
    	select * from member where id = #{id} and pw = #{pw}
  </select>
  <insert id="join">
  		insert into member (id,pw,email) values(#{id},#{pw},#{email})
  </insert>
  <select id="test" resultType="String">
  	select #{id}||#{pw}||#{email} from dual
  </select>
  <select id="exam" resultType="exam.examVO">
  	select * from exam
  </select>
</mapper>